Programmation avancée,PA4,EKF
Bases de données,BD3,FCT
Sécurité des systèmes,SS6,MBR
Programmation avancée,PA4,WMS
Sécurité des systèmes,SS6,JLS
Bases de données,BD3,DHB
Développement web,DW8,MBR
Bases de données,BD3,WMS
Systèmes d'exploitation,SE9,JLS
urité des systèmes,SS6,NW
Programmation avancée,PA4,NWT
Introduction à l'informatique,INT1,NWT
Bases de données,BD3,WMS
Architecture des ordinateurs,AO10,LMP
Développement web,DW8,FCT
Architecture des ordinateurs,AO10,LMP
Sécurité des systèmes,SS6,MBR
Sécurité des systèmes,SS6,LMP
Algorithmique,ALG2,GPH
Bases de données,BD3,WMS
Développement web,DW8,MBR
Réseaux informatiques,RI5,EKF
Intelligence artificielle,IA7,WMS
Introduction à l'informatique,INT1,PKR
Algorithmique,ALG2,GPH
Architecture des ordinateurs,AO10,EKF
Bases de données,BD3,FCT
Programmation avancée,PA4,GPH
Programmation avancée,PA4,LMP
Sécurité des systèmes,SS6,PKR
Architecture des ordinateurs,AO10,FCT
Introduction à l'informatique,INT1,JLS
Réseaux informatiques,RI5,WMS
Systèmes d'exploitation,SE9,MBR
Intelligence artificielle,IA7,NWT
Intelligence artificielle,IA7,MBR
Réseaux informatiques,RI5,FCT
Programmation avancée,PA4,JLS
Intelligence artificielle,IA7,PKR
Introduction à l'informatique,INT1,MBR
Systèmes d'exploitation,SE9,EKF
Réseaux informatiques,RI5,JLS
Intelligence artificielle,IA7,NWT
Sécurité des systèmes,SS6,NWT
Intelligence artificielle,IA7,FCT
Développement web,DW8,GPH
Algorithmique,ALG2,NWT
Programmation avancée,PA4,JLS
Algorithmique,ALG2,NWT
Réseaux informatiques,RI5,WMS
Bases de données,BD3,JLS
Algorithmique,ALG2,LMP
Développement web,DW8,NWT
Algorithmique,ALG2,LMP
Introduction à l'informatique,INT1,FCT
Programmation avancée,PA4,GPH
Réseaux informatiques,RI5,FCT
Introduction à l'informatique,INT1,PKR
Intelligence artificielle,IA7,LMP
Bases de données,BD3,NWT
Réseaux informatiques,RI5,DHB
Systèmes d'exploitation,SE9,NWT
Systèmes d'exploitation,SE9,DHB
Architecture des ordinateurs,AO10,FCT
Bases de données,BD3,PKR
Réseaux informatiques,RI5,FCT
Réseaux informatiques,RI5,PKR
Bases de données,BD3,EKF
Intelligence artificielle,IA7,DHB
Architecture des ordinateurs,AO10,EKF
Développement web,DW8,WMS
Bases de données,BD3,DHB
Intelligence artificielle,IA7,JLS
Architecture des ordinateurs,AO10,JLS
Réseaux informatiques,RI5,GPH
Bases de données,BD3,LMP
Intelligence artificielle,IA7,GPH
Sécurité des systèmes,SS6,FCT
Systèmes d'exploitation,SE9,PKR
Réseaux informatiques,RI5,DHB
Développement web,DW8,PKR
Bases de données,BD3,LMP
Développement web,DW8,LMP
Sécurité des systèmes,SS6,LMP
Introduction à l'informatique,INT1,EKF
Architecture des ordinateurs,AO10,GPH
Architecture des ordinateurs,AO10,LMP
Réseaux informatiques,RI5,WMS
Architecture des ordinateurs,AO10,LMP
Introduction à l'informatique,INT1,JLS
Intelligence artificielle,IA7,MBR
Introduction à l'informatique,INT1,JLS
Programmation avancée,PA4,MBR
Développement web,DW8,EKF
Architecture des ordinateurs,AO10,EKF
Algorithmique,ALG2,PKR
Sécurité des systèmes,SS6,JLS
Intelligence artificielle,IA7,NWT
Algorithmique,ALG2,NWT
Réseaux informatiques,RI5,LMP